{
    "DIREITA": {
        "RUMO": {
            "GRAO": {
                "SALDO_VIRADA": 0,
                "SALDO": [
                    419,
                    534,
                    534,
                    534,
                    616,
                    616,
                    692,
                    774,
                    774,
                    807,
                    807,
                    889,
                    922,
                    922,
                    922,
                    966,
                    966,
                    966,
                    999,
                    999,
                    1046,
                    1046,
                    1046,
                    1079
                ]
            },
            "FERTILIZANTE": {
                "SALDO_VIRADA": 0,
                "SALDO": [
                    20,
                    20,
                    20,
                    20,
                    20,
                    20,
                    20,
                    20,
                    20,
                    20,
                    26,
                    26,
                    26,
                    32,
                    32,
                    32,
                    38,
                    40,
                    40,
                    40,
                    40,
                    40,
                    40,
                    40
                ]
            },
            "CELULOSE": {
                "SALDO_VIRADA": 0,
                "SALDO": [
                    0,
                    0,
                    0,
                    0,
                    0,
                    0,
                    0,
                    0,
                    0,
                    0,
                    0,
                    0,
                    0,
                    0,
                    0,
                    0,
                    0,
                    0,
                    0,
                    0,
                    0,
                    0,
                    0,
                    0
                ]
            },
            "ACUCAR": {
                "SALDO_VIRADA": 0,
                "SALDO": [
                    32,
                    48,
                    48,
                    48,
                    48,
                    64,
                    64,
                    64,
                    64,
                    80,
                    80,
                    80,
                    80,
                    96,
                    96,
                    96,
                    96,
                    96,
                    96,
                    96,
                    96,
                    96,
                    96,
                    114
                ]
            },
            "CONTEINER": {
                "SALDO_VIRADA": 0,
                "SALDO": [
                    0,
                    0,
                    0,
                    0,
                    0,
                    0,
                    0,
                    0,
                    0,
                    0,
                    0,
                    0,
                    0,
                    0,
                    0,
                    0,
                    0,
                    0,
                    0,
                    0,
                    0,
                    0,
                    0,
                    0
                ]
            }
        },
        "MRS": {
            "GRAO": {
                "SALDO_VIRADA": 0,
                "SALDO": [
                    30,
                    45,
                    45,
                    45,
                    60,
                    60,
                    60,
                    75,
                    75,
                    75,
                    90,
                    90,
                    90,
                    105,
                    105,
                    105,
                    120,
                    120,
                    120,
                    120,
                    120,
                    120,
                    120,
                    120
                ]
            },
            "FERTILIZANTE": {
                "SALDO_VIRADA": 0,
                "SALDO": [
                    0,
                    0,
                    0,
                    0,
                    0,
                    0,
                    0,
                    0,
                    0,
                    0,
                    0,
                    0,
                    0,
                    0,
                    0,
                    0,
                    0,
                    0,
                    0,
                    0,
                    0,
                    0,
                    0,
                    0
                ]
            },
            "CELULOSE": {
                "SALDO_VIRADA": 0,
                "SALDO": [
                    64,
                    64,
                    64,
                    64,
                    64,
                    64,
                    64,
                    64,
                    64,
                    128,
                    128,
                    128,
                    128,
                    128,
                    128,
                    128,
                    128,
                    128,
                    128,
                    128,
                    128,
                    128,
                    192,
                    192
                ]
            },
            "ACUCAR": {
                "SALDO_VIRADA": 0,
                "SALDO": [
                    0,
                    0,
                    0,
                    0,
                    0,
                    0,
                    0,
                    0,
                    0,
                    0,
                    0,
                    0,
                    0,
                    0,
                    0,
                    0,
                    0,
                    0,
                    0,
                    0,
                    0,
                    0,
                    0,
                    0
                ]
            },
            "CONTEINER": {
                "SALDO_VIRADA": 0,
                "SALDO": [
                    0,
                    0,
                    0,
                    0,
                    0,
                    0,
                    0,
                    0,
                    0,
                    0,
                    0,
                    0,
                    0,
                    0,
                    0,
                    0,
                    0,
                    0,
                    0,
                    0,
                    0,
                    0,
                    0,
                    0
                ]
            }
        },
        "VLI": {
            "GRAO": {
                "SALDO_VIRADA": 0,
                "SALDO": [
                    0,
                    0,
                    0,
                    0,
                    0,
                    0,
                    0,
                    0,
                    0,
                    0,
                    0,
                    0,
                    0,
                    0,
                    0,
                    0,
                    0,
                    0,
                    0,
                    0,
                    0,
                    0,
                    0,
                    0
                ]
            },
            "FERTILIZANTE": {
                "SALDO_VIRADA": 0,
                "SALDO": [
                    0,
                    0,
                    0,
                    0,
                    0,
                    0,
                    0,
                    0,
                    0,
                    0,
                    0,
                    0,
                    0,
                    0,
                    0,
                    0,
                    0,
                    0,
                    0,
                    0,
                    0,
                    0,
                    0,
                    0
                ]
            },
            "CELULOSE": {
                "SALDO_VIRADA": 0,
                "SALDO": [
                    0,
                    0,
                    0,
                    0,
                    0,
                    0,
                    0,
                    0,
                    0,
                    0,
                    0,
                    0,
                    0,
                    0,
                    0,
                    0,
                    0,
                    0,
                    0,
                    0,
                    0,
                    0,
                    0,
                    0
                ]
            },
            "ACUCAR": {
                "SALDO_VIRADA": 0,
                "SALDO": [
                    36,
                    36,
                    36,
                    36,
                    72,
                    72,
                    72,
                    72,
                    82,
                    82,
                    82,
                    82,
                    82,
                    82,
                    82,
                    82,
                    82,
                    82,
                    82,
                    82,
                    82,
                    82,
                    82,
                    82
                ]
            },
            "CONTEINER": {
                "SALDO_VIRADA": 0,
                "SALDO": [
                    0,
                    0,
                    0,
                    0,
                    0,
                    0,
                    0,
                    0,
                    0,
                    0,
                    0,
                    0,
                    0,
                    0,
                    0,
                    0,
                    0,
                    0,
                    0,
                    0,
                    0,
                    0,
                    0,
                    0
                ]
            }
        },
        "SAIDAS": {
            "GRAO": [
                0,
                0,
                0,
                0,
                0,
                0,
                0,
                0,
                0,
                0,
                0,
                0,
                0,
                0,
                0,
                0,
                0,
                0,
                0,
                0,
                0,
                0,
                0,
                0
            ],
            "FERTILIZANTE": [
                0,
                0,
                0,
                0,
                0,
                0,
                0,
                0,
                0,
                0,
                0,
                0,
                0,
                0,
                0,
                0,
                0,
                0,
                0,
                0,
                0,
                0,
                0,
                0
            ],
            "CELULOSE": [
                0,
                0,
                0,
                0,
                0,
                0,
                0,
                0,
                0,
                0,
                0,
                0,
                0,
                0,
                0,
                0,
                0,
                0,
                0,
                0,
                0,
                0,
                0,
                0
            ],
            "ACUCAR": [
                0,
                0,
                0,
                0,
                0,
                0,
                0,
                0,
                0,
                0,
                0,
                0,
                0,
                0,
                0,
                0,
                0,
                0,
                0,
                0,
                0,
                0,
                0,
                0
            ],
            "CONTEINER": [
                0,
                0,
                0,
                0,
                0,
                0,
                0,
                0,
                0,
                0,
                0,
                0,
                0,
                0,
                0,
                0,
                0,
                0,
                0,
                0,
                0,
                0,
                0,
                0
            ],
            "PREFIXO": [
                0,
                0,
                0,
                0,
                0,
                0,
                0,
                0,
                0,
                0,
                0,
                0,
                0,
                0,
                0,
                0,
                0,
                0,
                0,
                0,
                0,
                0,
                0,
                0
            ],
            "FERROVIA": [
                0,
                0,
                0,
                0,
                0,
                0,
                0,
                0,
                0,
                0,
                0,
                0,
                0,
                0,
                0,
                0,
                0,
                0,
                0,
                0,
                0,
                0,
                0,
                0
            ]
        }
    },
    "ESQUERDA": {
        "RUMO": {
            "GRAO": {
                "SALDO_VIRADA": 0,
                "SALDO": [
                    162,
                    210,
                    210,
                    252,
                    300,
                    300,
                    300,
                    341,
                    341,
                    341,
                    341,
                    341,
                    341,
                    341,
                    341,
                    341,
                    341,
                    341,
                    341,
                    341,
                    341,
                    341,
                    341,
                    341
                ]
            },
            "FERTILIZANTE": {
                "SALDO_VIRADA": 0,
                "SALDO": [
                    92,
                    92,
                    92,
                    92,
                    92,
                    117,
                    117,
                    117,
                    117,
                    117,
                    142,
                    142,
                    142,
                    142,
                    142,
                    167,
                    167,
                    167,
                    167,
                    167,
                    192,
                    192,
                    192,
                    192
                ]
            },
            "CELULOSE": {
                "SALDO_VIRADA": 0,
                "SALDO": [
                    0,
                    0,
                    0,
                    0,
                    0,
                    0,
                    0,
                    0,
                    0,
                    0,
                    0,
                    0,
                    0,
                    0,
                    0,
                    0,
                    0,
                    0,
                    0,
                    0,
                    0,
                    0,
                    0,
                    0
                ]
            },
            "ACUCAR": {
                "SALDO_VIRADA": 0,
                "SALDO": [
                    0,
                    0,
                    0,
                    0,
                    0,
                    0,
                    0,
                    0,
                    0,
                    0,
                    0,
                    0,
                    0,
                    0,
                    0,
                    0,
                    0,
                    0,
                    0,
                    0,
                    0,
                    0,
                    0,
                    0
                ]
            },
            "CONTEINER": {
                "SALDO_VIRADA": 0,
                "SALDO": [
                    -40,
                    -40,
                    -40,
                    -40,
                    -40,
                    -40,
                    -40,
                    -40,
                    -40,
                    -40,
                    -40,
                    -40,
                    -40,
                    -40,
                    -40,
                    -40,
                    -40,
                    -40,
                    -40,
                    -40,
                    -40,
                    -40,
                    -40,
                    -40
                ]
            }
        },
        "MRS": {
            "GRAO": {
                "SALDO_VIRADA": 0,
                "SALDO": [
                    0,
                    0,
                    0,
                    0,
                    0,
                    0,
                    0,
                    0,
                    0,
                    0,
                    0,
                    0,
                    0,
                    0,
                    0,
                    0,
                    0,
                    0,
                    0,
                    0,
                    0,
                    0,
                    0,
                    0
                ]
            },
            "FERTILIZANTE": {
                "SALDO_VIRADA": 0,
                "SALDO": [
                    0,
                    0,
                    0,
                    0,
                    0,
                    0,
                    0,
                    0,
                    0,
                    0,
                    0,
                    0,
                    0,
                    0,
                    0,
                    0,
                    0,
                    0,
                    0,
                    0,
                    0,
                    0,
                    0,
                    0
                ]
            },
            "CELULOSE": {
                "SALDO_VIRADA": 0,
                "SALDO": [
                    0,
                    0,
                    0,
                    0,
                    0,
                    0,
                    0,
                    0,
                    0,
                    0,
                    0,
                    0,
                    0,
                    0,
                    0,
                    0,
                    0,
                    0,
                    0,
                    0,
                    0,
                    0,
                    0,
                    0
                ]
            },
            "ACUCAR": {
                "SALDO_VIRADA": 0,
                "SALDO": [
                    0,
                    0,
                    0,
                    0,
                    0,
                    0,
                    0,
                    0,
                    0,
                    0,
                    0,
                    0,
                    0,
                    0,
                    0,
                    0,
                    0,
                    0,
                    0,
                    0,
                    0,
                    0,
                    0,
                    0
                ]
            },
            "CONTEINER": {
                "SALDO_VIRADA": 0,
                "SALDO": [
                    0,
                    0,
                    0,
                    0,
                    0,
                    0,
                    0,
                    0,
                    0,
                    0,
                    0,
                    0,
                    0,
                    0,
                    0,
                    0,
                    0,
                    0,
                    0,
                    0,
                    0,
                    0,
                    0,
                    0
                ]
            }
        },
        "VLI": {
            "GRAO": {
                "SALDO_VIRADA": 0,
                "SALDO": [
                    84,
                    84,
                    84,
                    84,
                    84,
                    84,
                    84,
                    84,
                    84,
                    84,
                    84,
                    84,
                    84,
                    84,
                    84,
                    84,
                    84,
                    84,
                    84,
                    84,
                    84,
                    84,
                    84,
                    84
                ]
            },
            "FERTILIZANTE": {
                "SALDO_VIRADA": 0,
                "SALDO": [
                    7,
                    7,
                    7,
                    7,
                    7,
                    7,
                    7,
                    7,
                    7,
                    7,
                    7,
                    7,
                    7,
                    7,
                    7,
                    7,
                    7,
                    7,
                    7,
                    7,
                    7,
                    7,
                    7,
                    7
                ]
            },
            "CELULOSE": {
                "SALDO_VIRADA": 0,
                "SALDO": [
                    0,
                    0,
                    0,
                    0,
                    0,
                    0,
                    0,
                    0,
                    0,
                    0,
                    0,
                    0,
                    0,
                    0,
                    0,
                    0,
                    0,
                    0,
                    0,
                    0,
                    0,
                    0,
                    0,
                    0
                ]
            },
            "ACUCAR": {
                "SALDO_VIRADA": 0,
                "SALDO": [
                    0,
                    0,
                    0,
                    0,
                    0,
                    0,
                    0,
                    0,
                    0,
                    0,
                    0,
                    0,
                    0,
                    0,
                    0,
                    0,
                    0,
                    0,
                    0,
                    0,
                    0,
                    0,
                    0,
                    0
                ]
            },
            "CONTEINER": {
                "SALDO_VIRADA": 0,
                "SALDO": [
                    0,
                    0,
                    0,
                    0,
                    0,
                    0,
                    0,
                    0,
                    0,
                    0,
                    0,
                    0,
                    0,
                    0,
                    0,
                    0,
                    0,
                    0,
                    0,
                    0,
                    0,
                    0,
                    0,
                    0
                ]
            }
        },
        "SAIDAS": {
            "SALDO_VIRADA": 0,
            "GRAO": [
                0,
                0,
                0,
                0,
                0,
                0,
                0,
                0,
                0,
                0,
                0,
                0,
                0,
                0,
                0,
                0,
                0,
                0,
                0,
                0,
                0,
                0,
                0,
                0
            ],
            "FERTILIZANTE": [
                0,
                0,
                0,
                0,
                0,
                0,
                0,
                0,
                0,
                0,
                0,
                0,
                0,
                0,
                0,
                0,
                0,
                0,
                0,
                0,
                0,
                0,
                0,
                0
            ],
            "CELULOSE": [
                0,
                0,
                0,
                0,
                0,
                0,
                0,
                0,
                0,
                0,
                0,
                0,
                0,
                0,
                0,
                0,
                0,
                0,
                0,
                0,
                0,
                0,
                0,
                0
            ],
            "ACUCAR": [
                0,
                0,
                0,
                0,
                0,
                0,
                0,
                0,
                0,
                0,
                0,
                0,
                0,
                0,
                0,
                0,
                0,
                0,
                0,
                0,
                0,
                0,
                0,
                0
            ],
            "CONTEINER": [
                0,
                0,
                0,
                0,
                0,
                0,
                0,
                0,
                0,
                0,
                0,
                0,
                0,
                0,
                0,
                0,
                0,
                0,
                0,
                0,
                0,
                0,
                0,
                0
            ],
            "PREFIXO": [
                0,
                0,
                0,
                0,
                0,
                0,
                0,
                0,
                0,
                0,
                0,
                0,
                0,
                0,
                0,
                0,
                0,
                0,
                0,
                0,
                0,
                0,
                0,
                0
            ],
            "FERROVIA": [
                0,
                0,
                0,
                0,
                0,
                0,
                0,
                0,
                0,
                0,
                0,
                0,
                0,
                0,
                0,
                0,
                0,
                0,
                0,
                0,
                0,
                0,
                0,
                0
            ]
        }
    }
}