{
    "DIREITA": {
        "RUMO" : {
            "SALDO_VIRADA"  : 0,
            "SALDO"         : [0, 0, 0, 0, 0, 0, 0, 0, 0, 0, 0, 0, 0, 0, 0, 0, 0, 0, 0, 0, 0, 0, 0, 0]
        },

        "MRS"  : {
            "SALDO_VIRADA"  : 0,
            "SALDO"         : [0, 0, 0, 0, 0, 0, 0, 0, 0, 0, 0, 0, 0, 0, 0, 0, 0, 0, 0, 0, 0, 0, 0, 0]
        },
        "VLI"  : {
            "SALDO_VIRADA"  : 0,
            "SALDO"         : [0, 0, 0, 0, 0, 0, 0, 0, 0, 0, 0, 0, 0, 0, 0, 0, 0, 0, 0, 0, 0, 0, 0, 0]
        }
       
    },
    "ESQUERDA": {
       "RUMO" : {
            "SALDO_VIRADA"  : 0,
            "SALDO"         : [0, 0, 0, 0, 0, 0, 0, 0, 0, 0, 0, 0, 0, 0, 0, 0, 0, 0, 0, 0, 0, 0, 0, 0]
        },

        "MRS"  : {
            "SALDO_VIRADA"  : 0,
            "SALDO"         : [0, 0, 0, 0, 0, 0, 0, 0, 0, 0, 0, 0, 0, 0, 0, 0, 0, 0, 0, 0, 0, 0, 0, 0]
        },
        "VLI"  : {
            "SALDO_VIRADA"  : 0,
            "SALDO"         : [0, 0, 0, 0, 0, 0, 0, 0, 0, 0, 0, 0, 0, 0, 0, 0, 0, 0, 0, 0, 0, 0, 0, 0]
        }
    }
}