{
    "NOME": "",
    "PATIO"   : "",
    "ATIVOS"  : [],
    "DATA"    : "",

    "SUBIDA":   {
        
        "FERROVIA": {

            "PRODUTO": {
                "SALDO_VIRADA"              : 0,
                "GERACAO_DE_VAZIOS"         : [0, 0, 0, 0, 0, 0, 0, 0, 0, 0, 0, 0, 0, 0, 0, 0, 0, 0, 0, 0, 0, 0, 0, 0],
                "GERACAO_EDITADA"           : [0, 0, 0, 0, 0, 0, 0, 0, 0, 0, 0, 0, 0, 0, 0, 0, 0, 0, 0, 0, 0, 0, 0, 0],
                "ALIVIO_DE_VAZIOS"          : [0, 0, 0, 0, 0, 0, 0, 0, 0, 0, 0, 0, 0, 0, 0, 0, 0, 0, 0, 0, 0, 0, 0, 0],
                "ALIVIO_EDITADO"            : [0, 0, 0, 0, 0, 0, 0, 0, 0, 0, 0, 0, 0, 0, 0, 0, 0, 0, 0, 0, 0, 0, 0, 0],
                "SALDO_DE_VAZIOS"           : [0, 0, 0, 0, 0, 0, 0, 0, 0, 0, 0, 0, 0, 0, 0, 0, 0, 0, 0, 0, 0, 0, 0, 0],
                "SATURACAO"                 : {"MIN": 0, "MAX": 0}
            }
        }
    },
    "OCUPACAO": {
        "FERROVIA"         : ["", "", "", "", "", "", "", "", "", "", "", "", "", "", "", "", "", "", "", "", "", "", "", ""],
        "SEGMENTO"         : ["", "", "", "", "", "", "", "", "", "", "", "", "", "", "", "", "", "", "", "", "", "", "", ""],
        "LOTE_COMPLETO"    : [false, false, false, false, false, false, false, false, false, false, false, false, false, false, false, false, false, false, false, false, false, false, false, false]
    }
}