{
    "TERMINAL": "TAC ACUCAR",
    "SEGMENTO": "ACUCAR",
    "PATIO": "PST",
    "ATIVOS": [],
    "DATA": "2024-07-31",
    "SUBIDA": {
        "RUMO": {
            "ACUCAR": {
                "SALDO_VIRADA": 0,
                "SALDO_NAVEGACAO": [
                    52,
                    50,
                    48,
                    46,
                    44,
                    42,
                    39,
                    37,
                    35,
                    33,
                    31,
                    29,
                    27,
                    25,
                    23,
                    21,
                    19,
                    16,
                    13,
                    10,
                    7,
                    4,
                    1,
                    0
                ],
                "GERACAO_DE_VAZIOS": [
                    0,
                    2,
                    2,
                    2,
                    2,
                    2,
                    3,
                    2,
                    2,
                    2,
                    2,
                    2,
                    2,
                    2,
                    2,
                    2,
                    2,
                    3,
                    3,
                    3,
                    3,
                    3,
                    3,
                    1
                ],
                "GERACAO_EDITADA": [
                    0,
                    0,
                    0,
                    0,
                    0,
                    0,
                    0,
                    0,
                    0,
                    0,
                    0,
                    0,
                    0,
                    0,
                    0,
                    0,
                    0,
                    0,
                    0,
                    0,
                    0,
                    0,
                    0,
                    0
                ],
                "ALIVIO_DE_VAZIOS": [
                    0,
                    0,
                    0,
                    0,
                    0,
                    0,
                    0,
                    0,
                    0,
                    0,
                    0,
                    0,
                    0,
                    0,
                    0,
                    0,
                    0,
                    36,
                    0,
                    0,
                    0,
                    0,
                    0,
                    16
                ],
                "ALIVIO_EDITADO": [
                    0,
                    0,
                    0,
                    0,
                    0,
                    0,
                    0,
                    0,
                    0,
                    0,
                    0,
                    0,
                    0,
                    0,
                    0,
                    0,
                    0,
                    0,
                    0,
                    0,
                    0,
                    0,
                    0,
                    0
                ],
                "SALDO_DE_VAZIOS": [
                    0,
                    2,
                    4,
                    6,
                    8,
                    10,
                    13,
                    15,
                    17,
                    19,
                    21,
                    23,
                    25,
                    27,
                    29,
                    31,
                    33,
                    36,
                    3,
                    6,
                    9,
                    12,
                    15,
                    16
                ],
                "SATURACAO_VAZIO": {
                    "MIN": 0,
                    "MAX": 0
                }
            }
        },
        "MRS": {
            "ACUCAR": {
                "SALDO_VIRADA": 0,
                "SALDO_NAVEGACAO": [
                    0,
                    0,
                    0,
                    0,
                    0,
                    0,
                    0,
                    0,
                    0,
                    0,
                    0,
                    0,
                    0,
                    0,
                    0,
                    0,
                    0,
                    0,
                    0,
                    0,
                    0,
                    0,
                    0,
                    0
                ],
                "GERACAO_DE_VAZIOS": [
                    0,
                    0,
                    0,
                    0,
                    0,
                    0,
                    0,
                    0,
                    0,
                    0,
                    0,
                    0,
                    0,
                    0,
                    0,
                    0,
                    0,
                    0,
                    0,
                    0,
                    0,
                    0,
                    0,
                    0
                ],
                "GERACAO_EDITADA": [
                    0,
                    0,
                    0,
                    0,
                    0,
                    0,
                    0,
                    0,
                    0,
                    0,
                    0,
                    0,
                    0,
                    0,
                    0,
                    0,
                    0,
                    0,
                    0,
                    0,
                    0,
                    0,
                    0,
                    0
                ],
                "ALIVIO_DE_VAZIOS": [
                    0,
                    0,
                    0,
                    0,
                    0,
                    0,
                    0,
                    0,
                    0,
                    0,
                    0,
                    0,
                    0,
                    0,
                    0,
                    0,
                    0,
                    0,
                    0,
                    0,
                    0,
                    0,
                    0,
                    0
                ],
                "ALIVIO_EDITADO": [
                    0,
                    0,
                    0,
                    0,
                    0,
                    0,
                    0,
                    0,
                    0,
                    0,
                    0,
                    0,
                    0,
                    0,
                    0,
                    0,
                    0,
                    0,
                    0,
                    0,
                    0,
                    0,
                    0,
                    0
                ],
                "SALDO_DE_VAZIOS": [
                    0,
                    0,
                    0,
                    0,
                    0,
                    0,
                    0,
                    0,
                    0,
                    0,
                    0,
                    0,
                    0,
                    0,
                    0,
                    0,
                    0,
                    0,
                    0,
                    0,
                    0,
                    0,
                    0,
                    0
                ],
                "SATURACAO_VAZIO": {
                    "MIN": 0,
                    "MAX": 0
                }
            }
        },
        "VLI": {
            "ACUCAR": {
                "SALDO_VIRADA": 0,
                "SALDO_NAVEGACAO": [
                    0,
                    0,
                    0,
                    0,
                    0,
                    0,
                    0,
                    0,
                    0,
                    0,
                    0,
                    0,
                    0,
                    0,
                    0,
                    0,
                    0,
                    0,
                    0,
                    82,
                    82,
                    82,
                    82,
                    82
                ],
                "GERACAO_DE_VAZIOS": [
                    0,
                    0,
                    0,
                    0,
                    0,
                    0,
                    0,
                    0,
                    0,
                    0,
                    0,
                    0,
                    0,
                    0,
                    0,
                    0,
                    0,
                    0,
                    0,
                    0,
                    0,
                    0,
                    0,
                    0
                ],
                "GERACAO_EDITADA": [
                    0,
                    0,
                    0,
                    0,
                    0,
                    0,
                    0,
                    0,
                    0,
                    0,
                    0,
                    0,
                    0,
                    0,
                    0,
                    0,
                    0,
                    0,
                    0,
                    0,
                    0,
                    0,
                    0,
                    0
                ],
                "ALIVIO_DE_VAZIOS": [
                    0,
                    0,
                    0,
                    0,
                    0,
                    0,
                    0,
                    0,
                    0,
                    0,
                    0,
                    0,
                    0,
                    0,
                    0,
                    0,
                    0,
                    0,
                    0,
                    0,
                    0,
                    0,
                    0,
                    0
                ],
                "ALIVIO_EDITADO": [
                    0,
                    0,
                    0,
                    0,
                    0,
                    0,
                    0,
                    0,
                    0,
                    0,
                    0,
                    0,
                    0,
                    0,
                    0,
                    0,
                    0,
                    0,
                    0,
                    0,
                    0,
                    0,
                    0,
                    0
                ],
                "SALDO_DE_VAZIOS": [
                    0,
                    0,
                    0,
                    0,
                    0,
                    0,
                    0,
                    0,
                    0,
                    0,
                    0,
                    0,
                    0,
                    0,
                    0,
                    0,
                    0,
                    0,
                    0,
                    0,
                    0,
                    0,
                    0,
                    0
                ],
                "SATURACAO_VAZIO": {
                    "MIN": 0,
                    "MAX": 0
                }
            }
        }
    }
}