{
    "TERMINAL": "",
    "DATA"    : "",
    "DESCARGAS_ATIVAS": [],
    "POSSUI_RESTRICAO": false,
    
    "PREFIXO"           : [[0 ,[]], [0 ,[]], [0 ,[]], [0 ,[]], [0 ,[]], [0 ,[]], [0 ,[]], [0 ,[]], [0 ,[]], [0 ,[]], [0 ,[]], [0 ,[]], [0 ,[]], [0 ,[]], [0 ,[]], [0 ,[]], [0 ,[]], [0 ,[]], [0 ,[]], [0 ,[]], [0 ,[]], [0 ,[]], [0 ,[]], [0 ,[]]],
    "CHEGADA"           : [[0 ,[]], [0 ,[]], [0 ,[]], [0 ,[]], [0 ,[]], [0 ,[]], [0 ,[]], [0 ,[]], [0 ,[]], [0 ,[]], [0 ,[]], [0 ,[]], [0 ,[]], [0 ,[]], [0 ,[]], [0 ,[]], [0 ,[]], [0 ,[]], [0 ,[]], [0 ,[]], [0 ,[]], [0 ,[]], [0 ,[]], [0 ,[]]],
    "PEDRA"             : [0, 0, 0, 0, 0, 0, 0, 0, 0, 0, 0, 0, 0, 0, 0, 0, 0, 0, 0, 0, 0, 0, 0, 0],
    "RESTRICAO_MOTIVO"  : [0, 0, 0, 0, 0, 0, 0, 0, 0, 0, 0, 0, 0, 0, 0, 0, 0, 0, 0, 0, 0, 0, 0, 0],

    "DESCARGAS": {
        
        "FERROVIA": {

            "PRODUTO": { 

                "ENCOSTE"                   : [[0 ,0], [0 ,0], [0 ,0], [0 ,0], [0 ,0], [0 ,0], [0 ,0], [0 ,0], [0 ,0], [0 ,0], [0 ,0], [0 ,0], [0 ,0], [0 ,0], [0 ,0], [0 ,0], [0 ,0], [0 ,0], [0 ,0], [0 ,0], [0 ,0], [0 ,0], [0 ,0], [0 ,0]],
                "SALDO"                     : [0, 0, 0, 0, 0, 0, 0, 0, 0, 0, 0, 0, 0, 0, 0, 0, 0, 0, 0, 0, 0, 0, 0, 0],
                "PRODUTIVIDADE"             : [0, 0, 0, 0, 0, 0, 0, 0, 0, 0, 0, 0, 0, 0, 0, 0, 0, 0, 0, 0, 0, 0, 0, 0],
                "EDITADO"                   : [0, 0, 0, 0, 0, 0, 0, 0, 0, 0, 0, 0, 0, 0, 0, 0, 0, 0, 0, 0, 0, 0, 0, 0],
                "OCUPACAO"                  : [0, 0, 0, 0, 0, 0, 0, 0, 0, 0, 0, 0, 0, 0, 0, 0, 0, 0, 0, 0, 0, 0, 0, 0],
                "FILA"                      : [0, 0, 0, 0, 0, 0, 0, 0, 0, 0, 0, 0, 0, 0, 0, 0, 0, 0, 0, 0, 0, 0, 0, 0],
                "RESTRICAO"                 : [0, 0, 0, 0, 0, 0, 0, 0, 0, 0, 0, 0, 0, 0, 0, 0, 0, 0, 0, 0, 0, 0, 0, 0],     
                
                "INDICADORES"    :{
                    
                    "SALDO_DE_VIRADA_VAZIOS" : 0,
                    "SALDO_DE_VIRADA"        : 0,
                    "PRODUTIVIDADE"          : 0,
                    "RECEBIMENTOS"           : [0, 0, 0, 0],
                    "PEDRA"                  : [0, 0, 0, 0],
                    "TOTAL_CHEGADA"          : 0,
                    "TOTAL_PRODUTIVIDADE"    : 0,
                    "TOTAL_PEDRA"            : 0

                },
                
                "PEDRAS": [0, 0, 0, 0],

                "SUBIDA":   {

                    "GERACAO_DE_VAZIOS"         : [0, 0, 0, 0, 0, 0, 0, 0, 0, 0, 0, 0, 0, 0, 0, 0, 0, 0, 0, 0, 0, 0, 0, 0],
                    "GERACAO_EDITADA"           : [0, 0, 0, 0, 0, 0, 0, 0, 0, 0, 0, 0, 0, 0, 0, 0, 0, 0, 0, 0, 0, 0, 0, 0],
                    "ALIVIO_DE_VAZIOS"          : [0, 0, 0, 0, 0, 0, 0, 0, 0, 0, 0, 0, 0, 0, 0, 0, 0, 0, 0, 0, 0, 0, 0, 0],
                    "ALIVIO_EDITADO"            : [0, 0, 0, 0, 0, 0, 0, 0, 0, 0, 0, 0, 0, 0, 0, 0, 0, 0, 0, 0, 0, 0, 0, 0],
                    "SALDO_DE_VAZIOS"           : [0, 0, 0, 0, 0, 0, 0, 0, 0, 0, 0, 0, 0, 0, 0, 0, 0, 0, 0, 0, 0, 0, 0, 0]
            
                }
            }   
        }
    },

    "INDICADORES":{

        "TOTAL_SALDO"           : 0,
        "SALDO_DE_VIRADA_TOTAL" : 0,
        "TOTAL_PEDRA"           : 0,
        "PEDRAS":{
            "RUMO":  {"P1": 0, "P2": 0, "P3": 0, "P4": 0},
            "MRS":   {"P1": 0, "P2": 0, "P3": 0, "P4": 0},
            "VLI":   {"P1": 0, "P2": 0, "P3": 0, "P4": 0},
            "TOTAL": {"P1": 0, "P2": 0, "P3": 0, "P4": 0}
        },
        "SALDO_DE_VIRADA_VAZIOS": {
            "RUMO": 0,
            "MRS":  0,
            "VLI":  0
        }
    }

} 

