{
    "ACUCAR":       ["TAC ACUCAR", "CLI ACUCAR", "TEAG ACUCAR"],
    "SOJA":         ["CLI", "TAC", "MOEGA V",  "MOEGA X", "CUTRALE", "TEG", "TEAG", "TGG", "TES", "T39", "TGRAO", "T12A"],
    "MILHO":        ["CLI", "TAC", "MOEGA V",  "MOEGA X", "CUTRALE", "TEG", "TEAG", "TGG", "TES", "T39", "TGRAO", "T12A"],
    "FARELO":       ["MOEGA V",  "MOEGA X", "TGG", "TES", "T39"],
    "CELULOSE":     ["BRACELL", "ELDORADO"],
    "CONTEINER":    ["DPW", "TERLOC", "SBR", "ECOPORTO"],
    "KCL":          ["TERMAG", "HIDROVIAS"],
    "UREIA":        ["TERMAG", "HIDROVIAS"],
    "OUTROS":       ["TERMAG", "HIDROVIAS"]
}