{
    "TERMINAL": "CLI",
    "SEGMENTO": "GRAO",
    "PATIO": "PST",
    "ATIVOS": [],
    "DATA": "2024-08-02",
    "SUBIDA": {
        "RUMO": {
            "GRAO": {
                "SALDO_VIRADA": 0,
                "SALDO_NAVEGACAO": [
                    74,
                    63,
                    52,
                    44,
                    44,
                    121,
                    110,
                    186,
                    175,
                    164,
                    153,
                    183,
                    172,
                    161,
                    150,
                    139,
                    128,
                    117,
                    106,
                    106,
                    106,
                    95,
                    84,
                    73
                ],
                "GERACAO_DE_VAZIOS": [
                    11,
                    11,
                    11,
                    8,
                    0,
                    0,
                    11,
                    11,
                    11,
                    11,
                    11,
                    11,
                    11,
                    11,
                    11,
                    11,
                    11,
                    11,
                    11,
                    0,
                    0,
                    11,
                    11,
                    11
                ],
                "GERACAO_EDITADA": [
                    0,
                    0,
                    0,
                    0,
                    0,
                    0,
                    0,
                    0,
                    0,
                    0,
                    0,
                    0,
                    0,
                    0,
                    0,
                    0,
                    0,
                    0,
                    0,
                    0,
                    0,
                    0,
                    0,
                    0
                ],
                "ALIVIO_DE_VAZIOS": [
                    0,
                    33,
                    0,
                    0,
                    0,
                    0,
                    30,
                    0,
                    0,
                    33,
                    0,
                    0,
                    33,
                    0,
                    0,
                    33,
                    0,
                    0,
                    33,
                    0,
                    0,
                    0,
                    0,
                    33
                ],
                "ALIVIO_EDITADO": [
                    0,
                    0,
                    0,
                    0,
                    0,
                    0,
                    0,
                    0,
                    0,
                    0,
                    0,
                    0,
                    0,
                    0,
                    0,
                    0,
                    0,
                    0,
                    0,
                    0,
                    0,
                    0,
                    0,
                    0
                ],
                "SALDO_DE_VAZIOS": [
                    22,
                    33,
                    11,
                    19,
                    19,
                    19,
                    30,
                    11,
                    22,
                    33,
                    11,
                    22,
                    33,
                    11,
                    22,
                    33,
                    11,
                    22,
                    33,
                    0,
                    0,
                    11,
                    22,
                    33
                ],
                "SATURACAO_VAZIO": {
                    "MIN": 0,
                    "MAX": 0
                }
            }
        },
        "MRS": {
            "GRAO": {
                "SALDO_VIRADA": 0,
                "SALDO_NAVEGACAO": [
                    0,
                    0,
                    0,
                    0,
                    0,
                    0,
                    0,
                    0,
                    0,
                    0,
                    0,
                    0,
                    0,
                    0,
                    0,
                    0,
                    0,
                    0,
                    0,
                    0,
                    0,
                    0,
                    0,
                    0
                ],
                "GERACAO_DE_VAZIOS": [
                    0,
                    0,
                    0,
                    0,
                    0,
                    0,
                    0,
                    0,
                    0,
                    0,
                    0,
                    0,
                    0,
                    0,
                    0,
                    0,
                    0,
                    0,
                    0,
                    0,
                    0,
                    0,
                    0,
                    0
                ],
                "GERACAO_EDITADA": [
                    0,
                    0,
                    0,
                    0,
                    0,
                    0,
                    0,
                    0,
                    0,
                    0,
                    0,
                    0,
                    0,
                    0,
                    0,
                    0,
                    0,
                    0,
                    0,
                    0,
                    0,
                    0,
                    0,
                    0
                ],
                "ALIVIO_DE_VAZIOS": [
                    0,
                    0,
                    0,
                    0,
                    0,
                    0,
                    0,
                    0,
                    0,
                    0,
                    0,
                    0,
                    0,
                    0,
                    0,
                    0,
                    0,
                    0,
                    0,
                    0,
                    0,
                    0,
                    0,
                    0
                ],
                "ALIVIO_EDITADO": [
                    0,
                    0,
                    0,
                    0,
                    0,
                    0,
                    0,
                    0,
                    0,
                    0,
                    0,
                    0,
                    0,
                    0,
                    0,
                    0,
                    0,
                    0,
                    0,
                    0,
                    0,
                    0,
                    0,
                    0
                ],
                "SALDO_DE_VAZIOS": [
                    0,
                    0,
                    0,
                    0,
                    0,
                    0,
                    0,
                    0,
                    0,
                    0,
                    0,
                    0,
                    0,
                    0,
                    0,
                    0,
                    0,
                    0,
                    0,
                    0,
                    0,
                    0,
                    0,
                    0
                ],
                "SATURACAO_VAZIO": {
                    "MIN": 0,
                    "MAX": 0
                }
            }
        },
        "VLI": {
            "GRAO": {
                "SALDO_VIRADA": 0,
                "SALDO_NAVEGACAO": [
                    0,
                    0,
                    0,
                    0,
                    0,
                    0,
                    0,
                    0,
                    0,
                    0,
                    0,
                    0,
                    0,
                    0,
                    0,
                    0,
                    0,
                    0,
                    0,
                    0,
                    0,
                    0,
                    0,
                    0
                ],
                "GERACAO_DE_VAZIOS": [
                    0,
                    0,
                    0,
                    0,
                    0,
                    0,
                    0,
                    0,
                    0,
                    0,
                    0,
                    0,
                    0,
                    0,
                    0,
                    0,
                    0,
                    0,
                    0,
                    0,
                    0,
                    0,
                    0,
                    0
                ],
                "GERACAO_EDITADA": [
                    0,
                    0,
                    0,
                    0,
                    0,
                    0,
                    0,
                    0,
                    0,
                    0,
                    0,
                    0,
                    0,
                    0,
                    0,
                    0,
                    0,
                    0,
                    0,
                    0,
                    0,
                    0,
                    0,
                    0
                ],
                "ALIVIO_DE_VAZIOS": [
                    0,
                    0,
                    0,
                    0,
                    0,
                    0,
                    0,
                    0,
                    0,
                    0,
                    0,
                    0,
                    0,
                    0,
                    0,
                    0,
                    0,
                    0,
                    0,
                    0,
                    0,
                    0,
                    0,
                    0
                ],
                "ALIVIO_EDITADO": [
                    0,
                    0,
                    0,
                    0,
                    0,
                    0,
                    0,
                    0,
                    0,
                    0,
                    0,
                    0,
                    0,
                    0,
                    0,
                    0,
                    0,
                    0,
                    0,
                    0,
                    0,
                    0,
                    0,
                    0
                ],
                "SALDO_DE_VAZIOS": [
                    0,
                    0,
                    0,
                    0,
                    0,
                    0,
                    0,
                    0,
                    0,
                    0,
                    0,
                    0,
                    0,
                    0,
                    0,
                    0,
                    0,
                    0,
                    0,
                    0,
                    0,
                    0,
                    0,
                    0
                ],
                "SATURACAO_VAZIO": {
                    "MIN": 0,
                    "MAX": 0
                }
            }
        }
    }
}