{
    "TERMINAL": "TERMAG",
    "SEGMENTO": "FERTILIZANTE",
    "PATIO": "PCZ",
    "ATIVOS": [],
    "DATA": "2024-07-31",
    "SUBIDA": {
        "RUMO": {
            "FERTILIZANTE": {
                "SALDO_VIRADA": 0,
                "SALDO_NAVEGACAO": [
                    25,
                    22,
                    19,
                    16,
                    13,
                    9,
                    5,
                    53,
                    50,
                    48,
                    45,
                    43,
                    40,
                    38,
                    35,
                    33,
                    30,
                    28,
                    25,
                    23,
                    20,
                    18,
                    15,
                    13
                ],
                "GERACAO_DE_VAZIOS": [
                    0,
                    3,
                    3,
                    3,
                    3,
                    4,
                    4,
                    2,
                    3,
                    2,
                    3,
                    2,
                    3,
                    2,
                    3,
                    2,
                    3,
                    2,
                    3,
                    2,
                    3,
                    2,
                    3,
                    2
                ],
                "GERACAO_EDITADA": [
                    0,
                    0,
                    0,
                    0,
                    0,
                    0,
                    0,
                    0,
                    0,
                    0,
                    0,
                    0,
                    0,
                    0,
                    0,
                    0,
                    0,
                    0,
                    0,
                    0,
                    0,
                    0,
                    0,
                    0
                ],
                "ALIVIO_DE_VAZIOS": [
                    0,
                    0,
                    0,
                    0,
                    0,
                    0,
                    0,
                    22,
                    0,
                    0,
                    0,
                    0,
                    0,
                    0,
                    0,
                    0,
                    23,
                    0,
                    0,
                    0,
                    0,
                    0,
                    0,
                    0
                ],
                "ALIVIO_EDITADO": [
                    0,
                    0,
                    0,
                    0,
                    0,
                    0,
                    0,
                    0,
                    0,
                    0,
                    0,
                    0,
                    0,
                    0,
                    0,
                    0,
                    0,
                    0,
                    0,
                    0,
                    0,
                    0,
                    0,
                    0
                ],
                "SALDO_DE_VAZIOS": [
                    0,
                    3,
                    6,
                    9,
                    12,
                    16,
                    20,
                    22,
                    3,
                    5,
                    8,
                    10,
                    13,
                    15,
                    18,
                    20,
                    23,
                    2,
                    5,
                    7,
                    10,
                    12,
                    15,
                    17
                ],
                "SATURACAO_VAZIO": {
                    "MIN": 0,
                    "MAX": 0
                }
            }
        },
        "MRS": {
            "FERTILIZANTE": {
                "SALDO_VIRADA": 0,
                "SALDO_NAVEGACAO": [
                    0,
                    0,
                    0,
                    0,
                    0,
                    0,
                    0,
                    0,
                    0,
                    0,
                    0,
                    0,
                    0,
                    0,
                    0,
                    0,
                    0,
                    0,
                    0,
                    0,
                    0,
                    0,
                    0,
                    0
                ],
                "GERACAO_DE_VAZIOS": [
                    0,
                    0,
                    0,
                    0,
                    0,
                    0,
                    0,
                    0,
                    0,
                    0,
                    0,
                    0,
                    0,
                    0,
                    0,
                    0,
                    0,
                    0,
                    0,
                    0,
                    0,
                    0,
                    0,
                    0
                ],
                "GERACAO_EDITADA": [
                    0,
                    0,
                    0,
                    0,
                    0,
                    0,
                    0,
                    0,
                    0,
                    0,
                    0,
                    0,
                    0,
                    0,
                    0,
                    0,
                    0,
                    0,
                    0,
                    0,
                    0,
                    0,
                    0,
                    0
                ],
                "ALIVIO_DE_VAZIOS": [
                    0,
                    0,
                    0,
                    0,
                    0,
                    0,
                    0,
                    0,
                    0,
                    0,
                    0,
                    0,
                    0,
                    0,
                    0,
                    0,
                    0,
                    0,
                    0,
                    0,
                    0,
                    0,
                    0,
                    0
                ],
                "ALIVIO_EDITADO": [
                    0,
                    0,
                    0,
                    0,
                    0,
                    0,
                    0,
                    0,
                    0,
                    0,
                    0,
                    0,
                    0,
                    0,
                    0,
                    0,
                    0,
                    0,
                    0,
                    0,
                    0,
                    0,
                    0,
                    0
                ],
                "SALDO_DE_VAZIOS": [
                    0,
                    0,
                    0,
                    0,
                    0,
                    0,
                    0,
                    0,
                    0,
                    0,
                    0,
                    0,
                    0,
                    0,
                    0,
                    0,
                    0,
                    0,
                    0,
                    0,
                    0,
                    0,
                    0,
                    0
                ],
                "SATURACAO_VAZIO": {
                    "MIN": 0,
                    "MAX": 0
                }
            }
        },
        "VLI": {
            "FERTILIZANTE": {
                "SALDO_VIRADA": 0,
                "SALDO_NAVEGACAO": [
                    37,
                    37,
                    36,
                    35,
                    34,
                    32,
                    30,
                    28,
                    26,
                    24,
                    23,
                    21,
                    20,
                    18,
                    17,
                    15,
                    14,
                    12,
                    11,
                    9,
                    8,
                    6,
                    5,
                    3
                ],
                "GERACAO_DE_VAZIOS": [
                    0,
                    0,
                    1,
                    1,
                    1,
                    2,
                    2,
                    2,
                    2,
                    2,
                    1,
                    2,
                    1,
                    2,
                    1,
                    2,
                    1,
                    2,
                    1,
                    2,
                    1,
                    2,
                    1,
                    2
                ],
                "GERACAO_EDITADA": [
                    0,
                    0,
                    0,
                    0,
                    0,
                    0,
                    0,
                    0,
                    0,
                    0,
                    0,
                    0,
                    0,
                    0,
                    0,
                    0,
                    0,
                    0,
                    0,
                    0,
                    0,
                    0,
                    0,
                    0
                ],
                "ALIVIO_DE_VAZIOS": [
                    0,
                    0,
                    0,
                    0,
                    0,
                    0,
                    0,
                    0,
                    0,
                    0,
                    0,
                    0,
                    0,
                    0,
                    0,
                    22,
                    0,
                    0,
                    0,
                    0,
                    0,
                    0,
                    0,
                    0
                ],
                "ALIVIO_EDITADO": [
                    0,
                    0,
                    0,
                    0,
                    0,
                    0,
                    0,
                    0,
                    0,
                    0,
                    0,
                    0,
                    0,
                    0,
                    0,
                    0,
                    0,
                    0,
                    0,
                    0,
                    0,
                    0,
                    0,
                    0
                ],
                "SALDO_DE_VAZIOS": [
                    0,
                    0,
                    1,
                    2,
                    3,
                    5,
                    7,
                    9,
                    11,
                    13,
                    14,
                    16,
                    17,
                    19,
                    20,
                    22,
                    1,
                    3,
                    4,
                    6,
                    7,
                    9,
                    10,
                    12
                ],
                "SATURACAO_VAZIO": {
                    "MIN": 0,
                    "MAX": 0
                }
            }
        }
    }
}